role,snippet
Analyst,"Enjoys data analysis, dashboards, and reports."
Engineer,"Follows tech research and innovation news."
Entrepreneur,"Looks for startup guidance and mentorship."
Manager,"Interested in strategy and productivity guides."
Analyst,"Follows market and business analytics trends."
Researcher,"Interested in academic papers and experiments."
Intern,"Seeks learning opportunities and mentorship."
Designer,"Seeks creative workshops and design tutorials."
Student,"Interested in online courses and hands-on projects."
Researcher,"Interested in academic papers and experiments."
Developer,"Likes coding tutorials and practical projects."
Consultant,"Interested in industry best practices."
Engineer,"Interested in practical engineering projects."
Researcher,"Likes technical documentation and case studies."
Student,"Looks for tutorials and study materials."
Consultant,"Seeks actionable insights for clients."
Consultant,"Seeks actionable insights for clients."
Researcher,"Interested in academic papers and experiments."
Student,"Enjoys interactive learning and webinars."
Consultant,"Follows market trends and solution strategies."
Executive,"Seeks high-level strategic insights and leadership training."
Executive,"Focused on business growth and market expansion."
Working Professional,"Looking to upskill for career advancement."
Working Professional,"Interested in certifications and practical skills."
Sales Manager,"Needs tools for lead generation and conversion."
Sales Manager,"Focused on team performance and sales strategy."
Product Manager,"Seeks market research and user feedback tools."
Product Manager,"Interested in agile development and product roadmap."
HR Specialist,"Looks for talent management and recruitment solutions."
HR Specialist,"Interested in employee engagement and corporate training."
